{"Linear Regression": {"MSE": 0.537, "R2": 0.4558162300529288, "MAE": 0.531, "Accuracy (%)": 47.199999999999996}, "Decision Tree": {"MSE": 0.12, "R2": 0.8783946882799841, "MAE": 0.062, "Accuracy (%)": 96.7}, "Random Forest": {"MSE": 0.111, "R2": 0.8875150866589853, "MAE": 0.089, "Accuracy (%)": 92.2}}